countries,1980,1981,1982,1983,1984,1985,1986,1987,1988,1989,1990,1991,1992,1993,1994,1995,1996,1997,1998,1999,2000,2001,2002,2003,2004,2005,2006,2007
Algeria,29.59999974666667,29.59999974666667,29.59999974666667,29.59999974666667,29.59999974666667,29.59999974666667,29.59999974666667,29.59999974666667,29.59999974666667,29.59999974666667,29.59999974666667,29.59999974666667,29.59999974666667,29.59999974666667,29.59999974666667,29.59999974666667,29.59999974666667,29.59999974666667,29.59999974666667,29.59999974666667,29.59999974666667,29.29999924,29.59999974666667,27.79999924,31.70000076,29.59999974666667,29.59999974666667,29.59999974666667
Argentina,26.88235316470588,26.88235316470588,26.88235316470588,26.88235316470588,26.88235316470588,26.88235316470588,26.88235316470588,26.88235316470588,26.88235316470588,26.88235316470588,29.60000038,28.70000076,28.60000038,29.89999962,28.20000076,27.89999962,27.5,26.70000076,26.5,26.20000076,26.39999962,27.10000038,27.20000076,24.60000038,24.5,24.29999924,23.10000038,26.88235316470588
Australia,16.20000076,15.5,15.69999981,15.60000038,15.80000019,15.39999962,15.10000038,14.89999962,14.89999962,14.30000019,14.30000019,14.69999981,15.10000038,15.39999962,14.89999962,14.5,14.19999981,14.30000019,13.89999962,13.69999981,13.30000019,13.19999981,13.39999962,13.0,12.80000019,12.60000038,12.19999981,11.80000019
Austria,17.10000038,16.70000076,16.0,16.0,15.30000019,10.5,10.39999962,10.39999962,10.39999962,10.5,10.5,10.19999981,10.19999981,10.0,10.5,10.80000019,10.60000038,10.5,10.69999981,10.60000038,10.39999962,10.69999981,10.69999981,10.60000038,11.69999981,11.80000019,12.0,12.0
Azerbaijan,48.300000761999996,48.300000761999996,48.300000761999996,48.300000761999996,48.300000761999996,48.300000761999996,48.300000761999996,48.300000761999996,48.300000761999996,48.300000761999996,48.300000761999996,48.300000761999996,48.300000761999996,48.300000761999996,48.300000761999996,48.300000761999996,48.300000761999996,48.300000761999996,48.300000761999996,48.300000761999996,48.300000761999996,48.300000761999996,48.300000761999996,26.70000076,48.20000076,49.40000153,59.0,58.20000076
Bangladesh,48.399999140000006,48.399999140000006,48.399999140000006,48.399999140000006,48.399999140000006,48.399999140000006,48.399999140000006,48.399999140000006,48.399999140000006,48.399999140000006,48.399999140000006,48.399999140000006,48.399999140000006,48.399999140000006,48.399999140000006,48.399999140000006,29.60000038,48.399999140000006,48.399999140000006,48.399999140000006,35.29999924,48.399999140000006,48.399999140000006,65.09999847,48.399999140000006,63.59999847,48.399999140000006,48.399999140000006
Belgium,13.19999981,13.5,13.69999981,14.10000038,14.19999981,14.19999981,14.30000019,14.39999962,14.30000019,14.30000019,14.30000019,14.39999962,14.5,14.89999962,15.0,15.0,15.10000038,15.10000038,14.89999962,14.69999981,14.322727246818182,14.322727246818182,14.322727246818182,14.322727246818182,14.322727246818182,13.5,13.5,14.322727246818182
Bhutan,21.20000076,21.20000076,21.20000076,21.20000076,21.20000076,21.20000076,21.20000076,21.20000076,21.20000076,21.20000076,21.20000076,21.20000076,21.20000076,21.20000076,21.20000076,21.20000076,21.20000076,21.20000076,21.20000076,21.20000076,21.20000076,21.20000076,21.20000076,21.20000076,21.20000076,21.20000076,21.20000076,21.20000076
Bolivia,40.27692325307692,40.27692325307692,40.27692325307692,40.27692325307692,40.27692325307692,40.27692325307692,40.27692325307692,40.27692325307692,40.27692325307692,40.09999847,38.29999924,37.5,39.20000076,36.40000153,37.70000076,37.90000153,40.29999924,43.59999847,40.27692325307692,43.59999847,42.70000076,41.90000153,44.40000153,40.27692325307692,40.27692325307692,40.27692325307692,40.27692325307692,40.27692325307692
Botswana,19.766666413333333,19.766666413333333,19.766666413333333,19.766666413333333,53.79999924,19.766666413333333,19.766666413333333,19.766666413333333,19.766666413333333,19.766666413333333,19.766666413333333,19.766666413333333,19.766666413333333,19.766666413333333,12.60000038,19.766666413333333,19.766666413333333,19.766666413333333,10.89999962,19.766666413333333,13.19999981,15.89999962,19.766666413333333,12.19999981,19.766666413333333,19.766666413333333,19.766666413333333,19.766666413333333
Brazil,27.70000021714286,27.70000021714286,27.70000021714286,27.70000021714286,27.70000021714286,27.70000021714286,27.70000021714286,27.70000021714286,27.70000021714286,27.70000021714286,28.0,27.70000021714286,31.5,31.10000038,27.70000021714286,32.20000076,31.20000076,19.70000076,20.10000038,20.29999924,27.70000021714286,30.5,30.60000038,30.89999962,30.20000076,25.89999962,25.60000038,27.70000021714286
Bulgaria,13.033333301666666,13.033333301666666,13.033333301666666,13.033333301666666,13.033333301666666,13.033333301666666,13.033333301666666,13.033333301666666,13.033333301666666,13.033333301666666,13.033333301666666,13.033333301666666,13.033333301666666,13.033333301666666,13.033333301666666,13.033333301666666,13.033333301666666,13.033333301666666,13.033333301666666,13.033333301666666,13.033333301666666,16.39999962,13.033333301666666,13.10000038,13.10000038,12.5,11.89999962,11.19999981
Burkina Faso,28.29999924,28.29999924,28.29999924,28.29999924,28.29999924,30.29999924,28.29999924,28.29999924,28.29999924,28.29999924,28.29999924,28.29999924,28.29999924,28.29999924,26.29999924,28.29999924,28.29999924,28.29999924,28.29999924,28.29999924,28.29999924,28.29999924,28.29999924,28.29999924,28.29999924,28.29999924,28.29999924,28.29999924
Cambodia,41.13333384333333,41.13333384333333,41.13333384333333,41.13333384333333,41.13333384333333,41.13333384333333,41.13333384333333,41.13333384333333,41.13333384333333,41.13333384333333,41.13333384333333,41.13333384333333,41.13333384333333,41.13333384333333,41.13333384333333,41.13333384333333,41.13333384333333,41.13333384333333,41.13333384333333,41.13333384333333,41.29999924,40.90000153,41.13333384333333,41.13333384333333,41.20000076,41.13333384333333,41.13333384333333,41.13333384333333
Cameroon,63.949998855000004,63.949998855000004,63.949998855000004,63.949998855000004,63.949998855000004,63.949998855000004,63.949998855000004,63.949998855000004,63.949998855000004,63.949998855000004,63.949998855000004,63.949998855000004,63.949998855000004,63.949998855000004,63.949998855000004,63.949998855000004,68.59999847,63.949998855000004,63.949998855000004,63.949998855000004,63.949998855000004,59.29999924,63.949998855000004,63.949998855000004,63.949998855000004,63.949998855000004,63.949998855000004,63.949998855000004
Canada,8.100000381000001,8.0,8.600000381000001,8.899999618999999,9.100000381000001,9.699999809,9.0,13.30000019,13.60000038,13.30000019,13.80000019,14.39999962,14.60000038,15.19999981,15.5,15.39999962,16.20000076,16.70000076,16.70000076,16.60000038,15.80000019,15.0,14.89999962,15.10000038,15.19999981,15.39999962,15.0,15.39999962
Cape Verde,31.79999924,31.79999924,31.79999924,31.79999924,31.79999924,31.79999924,31.79999924,31.79999924,31.79999924,31.79999924,31.79999924,31.79999924,31.79999924,31.79999924,31.79999924,31.79999924,31.79999924,31.79999924,31.79999924,31.79999924,31.79999924,31.79999924,31.79999924,31.79999924,31.79999924,31.79999924,31.79999924,31.79999924
Chad,65.59999847,65.59999847,65.59999847,65.59999847,65.59999847,65.59999847,65.59999847,65.59999847,65.59999847,65.59999847,65.59999847,65.59999847,65.59999847,65.59999847,65.59999847,65.59999847,65.59999847,65.59999847,65.59999847,65.59999847,65.59999847,65.59999847,65.59999847,65.59999847,65.59999847,65.59999847,65.59999847,65.59999847
Chile,27.55000008444445,27.55000008444445,27.55000008444445,27.55000008444445,27.55000008444445,27.55000008444445,27.55000008444445,27.55000008444445,27.55000008444445,27.55000008444445,25.20000076,27.5,25.0,27.10000038,24.79999924,27.60000038,27.29999924,27.20000076,28.39999962,28.5,28.20000076,29.39999962,29.39999962,29.70000076,29.60000038,27.79999924,27.0,26.20000076
Colombia,37.42352968235294,37.42352968235294,37.42352968235294,37.42352968235294,37.42352968235294,37.42352968235294,37.42352968235294,37.42352968235294,37.42352968235294,37.42352968235294,37.42352968235294,31.79999924,30.70000076,30.29999924,29.20000076,32.79999924,32.5,33.90000153,34.90000153,37.0,38.0,44.79999924,44.20000076,43.90000153,45.40000153,43.29999924,42.29999924,41.20000076
Costa Rica,19.60000038,18.5,18.5,19.0,19.5,19.89999962,19.29999924,24.0,24.39999962,24.79999924,24.79999924,26.0,24.5,24.5,24.70000076,24.89999962,25.60000038,27.0,25.79999924,26.10000038,26.70000076,28.29999924,28.60000038,27.89999962,28.89999962,26.29999924,27.10000038,25.10000038
Croatia,19.833333175000003,19.833333175000003,19.833333175000003,19.833333175000003,19.833333175000003,19.833333175000003,19.833333175000003,19.833333175000003,19.833333175000003,19.833333175000003,19.833333175000003,19.833333175000003,19.833333175000003,19.833333175000003,19.833333175000003,19.833333175000003,20.70000076,18.39999962,18.5,19.20000076,18.89999962,19.5,19.0,20.39999962,20.79999924,22.5,20.79999924,19.29999924
Cuba,17.085714110999998,1.600000024,17.085714110999998,17.085714110999998,17.085714110999998,17.085714110999998,17.085714110999998,17.085714110999998,17.085714110999998,17.085714110999998,17.085714110999998,17.085714110999998,17.085714110999998,17.085714110999998,17.085714110999998,16.0,15.69999981,16.39999962,17.29999924,18.5,19.0,19.89999962,19.79999924,20.29999924,20.20000076,19.60000038,18.0,16.89999962
Cyprus,20.07777765111111,20.07777765111111,20.07777765111111,20.07777765111111,20.07777765111111,20.07777765111111,20.07777765111111,20.07777765111111,20.07777765111111,20.07777765111111,20.07777765111111,20.07777765111111,20.07777765111111,20.07777765111111,20.07777765111111,20.07777765111111,20.07777765111111,20.07777765111111,20.07777765111111,20.79999924,20.70000076,20.39999962,19.79999924,20.20000076,20.39999962,20.5,19.29999924,18.60000038
Czech Rep.,14.893333434666665,14.893333434666665,14.893333434666665,14.893333434666665,14.893333434666665,14.893333434666665,14.893333434666665,14.893333434666665,14.893333434666665,14.893333434666665,14.893333434666665,14.893333434666665,14.893333434666665,12.69999981,12.80000019,13.30000019,13.5,13.5,14.5,15.0,15.5,15.39999962,16.20000076,17.0,16.70000076,15.69999981,15.80000019,15.80000019
Denmark,8.884615366346152,11.80000019,8.884615366346152,11.69999981,10.39999962,9.899999618999999,9.399999618999999,9.300000191,8.899999618999999,9.300000191,9.600000381000001,9.100000381000001,8.899999618999999,9.100000381000001,8.5,8.300000191,8.399999618999999,7.900000095,8.199999809,8.300000191,7.6999998089999995,8.0,8.199999809,8.100000381000001,7.8000001910000005,7.8000001910000005,8.199999809,8.199999809
Djibouti,17.70000076,17.70000076,17.70000076,17.70000076,17.70000076,17.70000076,17.70000076,17.70000076,17.70000076,17.70000076,17.70000076,17.70000076,17.70000076,17.70000076,17.70000076,17.70000076,17.70000076,17.70000076,17.70000076,17.70000076,17.70000076,17.70000076,17.70000076,17.70000076,17.70000076,17.70000076,17.70000076,17.70000076
Dominican Rep.,40.960000357333335,40.960000357333335,40.960000357333335,40.960000357333335,40.960000357333335,40.960000357333335,40.960000357333335,40.960000357333335,40.960000357333335,40.960000357333335,40.960000357333335,37.09999847,39.0,36.90000153,35.20000076,37.5,35.90000153,42.40000153,44.40000153,45.79999924,41.5,43.40000153,44.5,44.09999847,42.90000153,43.79999924,40.960000357333335,40.960000357333335
Ecuador,35.07894756947369,35.07894756947369,35.07894756947369,35.07894756947369,35.07894756947369,35.07894756947369,35.07894756947369,35.07894756947369,33.70000076,35.20000076,34.5,34.59999847,37.0,36.90000153,35.70000076,34.90000153,36.20000076,36.0,34.79999924,35.0,34.5,33.90000153,36.5,34.29999924,35.20000076,34.29999924,33.29999924,35.07894756947369
Egypt,28.45714296571429,28.45714296571429,28.45714296571429,28.45714296571429,28.45714296571429,28.45714296571429,28.45714296571429,28.45714296571429,28.45714296571429,28.45714296571429,28.45714296571429,28.45714296571429,28.45714296571429,30.0,29.79999924,29.60000038,27.5,27.20000076,28.10000038,27.5,28.5,29.20000076,29.39999962,30.0,29.5,27.0,25.10000038,28.45714296571429
El Salvador,33.257143293571424,33.257143293571424,33.257143293571424,33.257143293571424,33.257143293571424,33.257143293571424,33.257143293571424,33.257143293571424,33.257143293571424,33.257143293571424,33.257143293571424,33.257143293571424,33.257143293571424,33.90000153,36.5,34.40000153,33.20000076,34.5,30.60000038,31.29999924,35.20000076,32.20000076,34.79999924,32.70000076,32.40000153,33.29999924,30.60000038,33.257143293571424
Equatorial Guinea,38.29999924,38.29999924,38.29999924,38.29999924,38.29999924,38.29999924,38.29999924,38.29999924,38.29999924,38.29999924,38.29999924,38.29999924,38.29999924,38.29999924,38.29999924,38.29999924,38.29999924,38.29999924,38.29999924,38.29999924,38.29999924,38.29999924,38.29999924,38.29999924,38.29999924,38.29999924,38.29999924,38.29999924
Estonia,6.163157946168421,6.163157946168421,6.163157946168421,6.163157946168421,6.163157946168421,6.163157946168421,6.163157946168421,6.163157946168421,6.163157946168421,0.8999999762,1.299999952,2.099999905,3.400000095,4.599999905,5.400000095,5.5,6.0,7.099999905,7.8000001910000005,7.8000001910000005,8.300000191,7.400000095,7.5,8.5,9.100000381000001,7.900000095,7.8000001910000005,8.699999809
Ethiopia,42.69999981,42.69999981,42.69999981,42.69999981,42.69999981,42.69999981,42.69999981,42.69999981,42.69999981,42.69999981,42.69999981,42.69999981,42.69999981,42.69999981,42.69999981,42.69999981,42.69999981,42.69999981,42.69999981,44.29999924,42.69999981,42.69999981,42.69999981,42.69999981,42.20000076,41.5,42.79999924,42.69999981
Fiji,25.5,25.5,25.5,25.5,25.5,25.5,25.5,25.5,25.5,25.5,25.5,25.5,25.5,25.5,25.5,25.5,25.5,25.5,25.5,25.5,25.5,25.5,25.5,25.5,25.5,25.5,25.5,25.5
Finland,13.39999962,12.89999962,12.69999981,14.30000019,14.10000038,13.39999962,13.5,14.30000019,14.19999981,13.644444360000001,13.644444360000001,13.644444360000001,13.644444360000001,13.644444360000001,13.644444360000001,13.644444360000001,13.644444360000001,13.644444360000001,13.644444360000001,13.644444360000001,13.644444360000001,13.644444360000001,13.644444360000001,13.644444360000001,13.644444360000001,13.644444360000001,13.644444360000001,13.644444360000001
France,16.29999924,16.10000038,15.69999981,15.5,15.30000019,15.0,14.69999981,14.5,14.19999981,13.69999981,13.19999981,12.69999981,12.19999981,11.69999981,11.30000019,10.80000019,10.39999962,10.10000038,9.800000191,9.5,9.199999809,8.899999618999999,8.800000191,10.19999981,9.699999809,9.899999618999999,10.30000019,10.19999981
Gabon,45.40000153,45.40000153,45.40000153,45.40000153,45.40000153,45.40000153,45.40000153,45.40000153,45.40000153,45.40000153,45.40000153,45.40000153,45.40000153,45.40000153,45.40000153,45.40000153,45.40000153,45.40000153,45.40000153,45.40000153,45.40000153,45.40000153,45.40000153,45.40000153,45.40000153,45.40000153,45.40000153,45.40000153
Georgia,33.589999770999995,33.589999770999995,33.589999770999995,33.589999770999995,33.589999770999995,33.589999770999995,33.589999770999995,33.589999770999995,33.589999770999995,33.589999770999995,33.589999770999995,33.589999770999995,33.589999770999995,33.589999770999995,33.589999770999995,33.589999770999995,33.589999770999995,33.589999770999995,24.60000038,26.10000038,32.5,32.90000153,36.09999847,37.09999847,38.29999924,36.79999924,36.59999847,34.90000153
Germany,8.5,8.5,8.699999809,8.899999618999999,12.80000019,12.0,11.80000019,11.60000038,11.39999962,11.10000038,10.89999962,8.100000381000001,8.399999618999999,8.699999809,9.100000381000001,9.300000191,9.5,9.899999618999999,10.0,9.899999618999999,10.0,9.899999618999999,10.0,10.39999962,10.80000019,11.19999981,11.10000038,10.89999962
Greece,50.29999924,37.90000153,38.90000153,36.59999847,35.79999924,36.0,35.29999924,35.40000153,35.20000076,34.29999924,34.79999924,35.20000076,35.29999924,34.59999847,34.40000153,33.70000076,33.70000076,33.29999924,32.29999924,32.09999847,32.29999924,31.5,31.29999924,31.0,30.20000076,30.10000038,29.79999924,29.5
Guatemala,36.750000955,36.750000955,36.750000955,36.750000955,36.750000955,36.750000955,36.750000955,36.750000955,36.750000955,36.750000955,36.750000955,36.750000955,36.750000955,36.750000955,36.5,36.750000955,36.750000955,36.750000955,37.20000076,36.750000955,35.40000153,36.750000955,37.90000153,36.750000955,36.750000955,36.750000955,36.750000955,36.750000955
Guyana,39.5,39.5,39.5,39.5,39.5,39.5,39.5,39.5,39.5,39.5,39.5,39.5,39.5,39.5,39.5,39.5,39.5,39.5,39.5,39.5,39.5,39.5,39.5,39.5,39.5,39.5,39.5,39.5
Haiti,67.69999695,67.69999695,67.69999695,67.69999695,67.69999695,67.69999695,67.69999695,67.69999695,67.69999695,67.69999695,67.69999695,67.69999695,67.69999695,67.69999695,67.69999695,67.69999695,67.69999695,67.69999695,67.69999695,67.69999695,67.69999695,67.69999695,67.69999695,67.69999695,67.69999695,67.69999695,67.69999695,67.69999695
Honduras,41.021428243571435,41.021428243571435,41.021428243571435,41.021428243571435,41.021428243571435,41.021428243571435,41.021428243571435,41.021428243571435,41.021428243571435,41.021428243571435,40.09999847,42.29999924,40.09999847,41.021428243571435,40.79999924,41.09999847,41.09999847,41.40000153,40.59999847,40.20000076,41.021428243571435,42.5,41.20000076,43.90000153,39.79999924,39.20000076,41.021428243571435,41.021428243571435
Hungary,12.68124997625,12.68124997625,12.68124997625,12.68124997625,12.68124997625,12.68124997625,12.68124997625,12.68124997625,12.68124997625,12.68124997625,12.68124997625,12.68124997625,12.60000038,11.60000038,11.5,11.80000019,12.39999962,12.10000038,11.5,14.69999981,14.19999981,13.5,13.19999981,12.80000019,13.69999981,13.19999981,12.19999981,11.89999962
Indonesia,48.0636364309091,48.0636364309091,48.0636364309091,48.0636364309091,48.0636364309091,48.0636364309091,48.0636364309091,48.0636364309091,48.0636364309091,48.0636364309091,48.0636364309091,48.0636364309091,48.0636364309091,48.0636364309091,48.0636364309091,48.0636364309091,48.0636364309091,46.0,47.59999847,48.59999847,47.0,44.70000076,50.20000076,48.70000076,49.59999847,48.40000153,49.20000076,48.70000076
Iran,37.90000025333333,37.90000025333333,37.90000025333333,37.90000025333333,37.90000025333333,37.90000025333333,37.90000025333333,37.90000025333333,37.90000025333333,37.90000025333333,37.90000025333333,37.90000025333333,37.90000025333333,37.90000025333333,37.90000025333333,37.90000025333333,39.70000076,37.90000025333333,37.90000025333333,37.90000025333333,37.90000025333333,37.90000025333333,37.90000025333333,37.90000025333333,37.90000025333333,36.20000076,37.90000025333333,37.79999924
Ireland,21.5,20.5,20.79999924,21.29999924,21.70000076,21.20000076,21.20000076,21.29999924,22.10000038,21.79999924,22.20000076,21.29999924,22.10000038,21.60000038,21.0,20.70000076,19.60000038,19.39999962,18.79999924,17.79999924,17.60000038,17.0,17.10000038,16.70000076,17.20000076,16.60000038,15.69999981,16.10000038
Israel,13.707692366153843,13.707692366153843,13.707692366153843,13.707692366153843,13.707692366153843,13.707692366153843,13.707692366153843,13.707692366153843,13.707692366153843,13.707692366153843,13.707692366153843,13.707692366153843,13.707692366153843,13.707692366153843,13.707692366153843,14.80000019,15.30000019,14.80000019,14.5,14.60000038,13.69999981,13.0,13.10000038,13.39999962,12.80000019,12.80000019,12.89999962,12.5
Italy,23.29999924,23.5,23.60000038,24.20000076,24.60000038,24.29999924,24.5,24.60000038,24.5,24.79999924,24.5,24.39999962,24.5,23.60000038,23.89999962,24.39999962,24.5,24.39999962,24.29999924,24.29999924,24.10000038,23.60000038,23.20000076,23.10000038,23.29999924,22.79999924,22.39999962,22.10000038
Jamaica,38.031250238750005,38.031250238750005,38.031250238750005,38.031250238750005,38.031250238750005,38.031250238750005,38.031250238750005,38.031250238750005,38.031250238750005,38.031250238750005,38.031250238750005,40.29999924,40.09999847,38.90000153,38.59999847,37.0,37.5,37.70000076,38.20000076,38.40000153,38.59999847,38.0,36.90000153,37.20000076,37.40000153,36.40000153,37.29999924,38.031250238750005
Japan,17.20000076,16.89999962,16.70000076,16.39999962,15.89999962,15.80000019,15.60000038,15.5,15.10000038,14.60000038,14.10000038,13.5,13.10000038,12.60000038,12.30000019,12.10000038,11.80000019,11.80000019,11.69999981,11.69999981,11.39999962,10.80000019,10.60000038,10.39999962,10.39999962,10.19999981,9.899999618999999,9.699999809
Kazakhstan,38.82499981,38.82499981,38.82499981,38.82499981,38.82499981,38.82499981,38.82499981,38.82499981,38.82499981,38.82499981,38.82499981,38.82499981,38.82499981,38.82499981,38.82499981,38.82499981,38.82499981,38.82499981,38.82499981,38.82499981,38.82499981,41.29999924,38.90000153,38.5,36.59999847,38.82499981,38.82499981,38.82499981
"Korea, Rep.",34.0,33.79999924,34.09999847,33.79999924,31.70000076,31.29999924,31.39999962,30.5,30.20000076,28.79999924,28.0,28.0,28.5,28.20000076,27.79999924,27.89999962,27.89999962,28.29999924,28.89999962,28.79999924,27.70000076,28.10000038,27.89999962,27.29999924,27.10000038,27.0,26.5,25.79999924
Kyrgyzstan,39.220000456,39.220000456,39.220000456,39.220000456,39.220000456,39.220000456,39.220000456,39.220000456,39.220000456,39.220000456,39.220000456,39.220000456,39.220000456,39.220000456,39.220000456,39.220000456,39.220000456,39.220000456,39.220000456,39.220000456,39.220000456,39.220000456,46.70000076,40.20000076,36.70000076,36.5,36.0,39.220000456
Laos,56.90000153,56.90000153,56.90000153,56.90000153,56.90000153,56.90000153,56.90000153,56.90000153,56.90000153,56.90000153,56.90000153,56.90000153,56.90000153,56.90000153,56.90000153,56.90000153,56.90000153,56.90000153,56.90000153,56.90000153,56.90000153,56.90000153,56.90000153,56.90000153,56.90000153,56.90000153,56.90000153,56.90000153
Latvia,10.366666793666665,10.366666793666665,10.366666793666665,10.366666793666665,10.366666793666665,10.366666793666665,10.366666793666665,10.366666793666665,10.366666793666665,10.366666793666665,10.366666793666665,10.366666793666665,10.366666793666665,10.366666793666665,10.366666793666665,10.366666793666665,10.19999981,13.10000038,11.89999962,11.0,11.0,10.30000019,9.5,9.300000191,9.600000381000001,9.300000191,10.10000038,9.100000381000001
Lesotho,28.533332826666665,28.533332826666665,28.533332826666665,28.533332826666665,28.533332826666665,28.533332826666665,28.533332826666665,19.79999924,28.533332826666665,28.533332826666665,28.533332826666665,28.533332826666665,28.533332826666665,28.533332826666665,28.533332826666665,28.533332826666665,28.533332826666665,60.29999924,28.533332826666665,5.5,28.533332826666665,28.533332826666665,28.533332826666665,28.533332826666665,28.533332826666665,28.533332826666665,28.533332826666665,28.533332826666665
Lithuania,15.527272658181817,15.527272658181817,15.527272658181817,15.527272658181817,15.527272658181817,15.527272658181817,15.527272658181817,15.527272658181817,15.527272658181817,15.527272658181817,15.527272658181817,15.527272658181817,15.527272658181817,15.527272658181817,15.527272658181817,15.527272658181817,15.527272658181817,18.29999924,16.60000038,15.69999981,16.29999924,16.10000038,16.60000038,16.89999962,15.10000038,14.0,13.30000019,11.89999962
Madagascar,48.800001144999996,48.800001144999996,48.800001144999996,48.800001144999996,48.800001144999996,48.800001144999996,48.800001144999996,48.800001144999996,48.800001144999996,48.800001144999996,48.800001144999996,48.800001144999996,48.800001144999996,53.90000153,48.800001144999996,48.800001144999996,48.800001144999996,48.800001144999996,48.800001144999996,48.800001144999996,48.800001144999996,48.800001144999996,48.800001144999996,43.70000076,48.800001144999996,48.800001144999996,48.800001144999996,48.800001144999996
Malawi,83.90000153,83.90000153,83.90000153,83.90000153,83.90000153,83.90000153,83.90000153,83.90000153,83.90000153,83.90000153,83.90000153,83.90000153,83.90000153,83.90000153,83.90000153,83.90000153,83.90000153,83.90000153,83.90000153,83.90000153,83.90000153,83.90000153,83.90000153,83.90000153,83.90000153,83.90000153,83.90000153,83.90000153
Malaysia,20.53571442142857,20.53571442142857,20.53571442142857,20.53571442142857,20.53571442142857,20.53571442142857,20.53571442142857,20.53571442142857,20.53571442142857,20.53571442142857,20.53571442142857,27.70000076,20.53571442142857,20.53571442142857,20.53571442142857,20.70000076,21.0,19.5,20.60000038,19.10000038,20.10000038,19.5,18.5,18.89999962,20.39999962,20.0,20.70000076,20.79999924
Mali,50.250000955,50.250000955,50.250000955,50.250000955,50.250000955,50.250000955,50.250000955,50.250000955,50.250000955,50.250000955,50.250000955,50.250000955,50.250000955,50.250000955,29.10000038,50.250000955,50.250000955,50.250000955,50.250000955,50.250000955,50.250000955,50.250000955,50.250000955,50.250000955,71.40000153,50.250000955,50.250000955,50.250000955
Mauritius,16.55714280285714,16.55714280285714,16.55714280285714,16.55714280285714,16.55714280285714,16.55714280285714,16.55714280285714,16.55714280285714,16.55714280285714,16.55714280285714,13.0,16.55714280285714,16.55714280285714,16.55714280285714,16.55714280285714,16.70000076,16.55714280285714,16.55714280285714,16.55714280285714,16.55714280285714,15.89999962,16.55714280285714,16.55714280285714,16.55714280285714,17.70000076,17.29999924,17.29999924,18.0
Mexico,21.70000076,28.694736882631577,28.694736882631577,28.694736882631577,28.694736882631577,28.694736882631577,28.694736882631577,28.694736882631577,28.694736882631577,28.694736882631577,25.60000038,31.60000038,32.40000153,30.89999962,31.70000076,29.79999924,28.89999962,29.29999924,28.5,28.5,27.79999924,28.5,28.60000038,28.89999962,28.89999962,28.29999924,27.60000038,27.70000076
Mongolia,34.299999235,34.299999235,34.299999235,34.299999235,34.299999235,34.299999235,34.299999235,34.299999235,34.299999235,34.299999235,34.299999235,34.299999235,34.299999235,34.299999235,34.299999235,34.299999235,34.299999235,34.299999235,34.299999235,34.299999235,33.0,34.299999235,34.299999235,35.59999847,34.299999235,34.299999235,34.299999235,34.299999235
Morocco,30.433333079999997,30.433333079999997,30.433333079999997,30.433333079999997,30.433333079999997,30.433333079999997,30.433333079999997,30.433333079999997,30.433333079999997,30.433333079999997,30.433333079999997,30.433333079999997,30.433333079999997,30.433333079999997,32.29999924,30.433333079999997,30.433333079999997,30.433333079999997,30.433333079999997,26.39999962,30.89999962,31.5,30.79999924,31.10000038,30.70000076,30.89999962,29.29999924,30.433333079999997
Nepal,66.5,66.5,66.5,66.5,66.5,66.5,66.5,66.5,66.5,66.5,66.5,66.5,66.5,66.5,66.5,66.5,66.5,66.5,66.5,66.5,66.5,66.5,66.5,66.5,66.5,66.5,66.5,66.5
Netherlands,12.19999981,12.60000038,12.39999962,11.89999962,11.89999962,11.60000038,11.30000019,9.899999618999999,9.699999809,9.600000381000001,9.600000381000001,9.600000381000001,9.800000191,10.30000019,11.0,10.69999981,10.80000019,11.0,11.0,10.39999962,11.19999981,11.60000038,12.0,12.30000019,12.80000019,13.10000038,12.89999962,13.10000038
New Zealand,18.29999924,13.5,18.504166920000007,18.504166920000007,18.504166920000007,18.504166920000007,16.70000076,17.10000038,18.10000038,18.60000038,18.5,19.20000076,20.10000038,20.10000038,20.0,19.89999962,19.70000076,19.10000038,19.5,20.20000076,19.89999962,19.0,18.5,18.60000038,18.70000076,17.89999962,16.70000076,16.20000076
Nicaragua,37.18461520846154,37.18461520846154,37.18461520846154,37.18461520846154,37.18461520846154,37.18461520846154,37.18461520846154,37.18461520846154,37.18461520846154,37.18461520846154,37.18461520846154,37.18461520846154,37.18461520846154,40.70000076,37.18461520846154,36.29999924,36.90000153,35.0,35.40000153,36.09999847,36.09999847,36.59999847,37.70000076,39.09999847,38.29999924,36.90000153,38.29999924,37.18461520846154
Norway,10.0,9.899999618999999,10.30000019,10.19999981,10.0,9.699999809,9.399999618999999,9.0,9.399999618999999,9.399999618999999,9.199999809,9.100000381000001,9.0,9.0,8.699999809,8.399999618999999,7.6999998089999995,7.6999998089999995,7.6999998089999995,7.3000001910000005,7.0,6.8000001910000005,6.6999998089999995,7.0,7.099999905,7.099999905,8.100000381000001,7.6999998089999995
Oman,12.399999936666665,12.399999936666665,12.399999936666665,12.399999936666665,12.399999936666665,12.399999936666665,12.399999936666665,12.399999936666665,12.399999936666665,12.399999936666665,12.399999936666665,12.399999936666665,12.399999936666665,13.0,12.399999936666665,12.399999936666665,12.80000019,12.399999936666665,12.399999936666665,12.399999936666665,11.39999962,12.399999936666665,12.399999936666665,12.399999936666665,12.399999936666665,12.399999936666665,12.399999936666665,12.399999936666665
Pakistan,40.46923094615384,40.46923094615384,40.46923094615384,40.46923094615384,40.46923094615384,40.46923094615384,40.46923094615384,40.46923094615384,40.46923094615384,40.46923094615384,40.46923094615384,40.46923094615384,40.46923094615384,40.46923094615384,40.46923094615384,43.20000076,43.20000076,43.20000076,42.40000153,42.40000153,43.0,43.0,39.29999924,39.29999924,38.0,38.0,35.79999924,35.29999924
Panama,29.855999907599998,29.855999907599998,28.89999962,26.70000076,28.0,29.5,28.20000076,27.89999962,32.59999847,32.09999847,29.855999907599998,32.09999847,30.39999962,29.0,28.0,28.5,28.89999962,30.29999924,30.0,30.60000038,30.70000076,30.10000038,31.60000038,31.70000076,31.10000038,31.29999924,30.20000076,28.0
Paraguay,38.764285906428576,38.764285906428576,38.764285906428576,38.764285906428576,38.764285906428576,38.764285906428576,38.764285906428576,38.764285906428576,38.764285906428576,38.764285906428576,31.70000076,31.89999962,30.60000038,29.39999962,35.0,38.764285906428576,37.0,44.79999924,42.79999924,41.70000076,44.40000153,42.90000153,43.79999924,44.90000153,38.764285906428576,38.764285906428576,38.764285906428576,41.79999924
Peru,38.96111106944444,38.96111106944444,38.96111106944444,38.96111106944444,38.96111106944444,38.96111106944444,38.96111106944444,38.96111106944444,38.96111106944444,38.96111106944444,35.59999847,37.40000153,38.40000153,35.5,35.90000153,36.29999924,40.79999924,42.90000153,39.79999924,41.79999924,41.90000153,43.09999847,37.70000076,39.79999924,38.59999847,39.5,37.59999847,38.70000076
Philippines,37.130000306,37.130000306,37.130000306,37.130000306,37.130000306,37.130000306,37.130000306,37.130000306,37.130000306,37.130000306,37.130000306,37.130000306,37.130000306,37.130000306,37.130000306,37.130000306,37.130000306,37.130000306,37.0,36.79999924,37.70000076,37.40000153,38.5,37.40000153,36.70000076,37.0,36.29999924,36.5
Poland,25.39999962,25.70000076,26.89999962,26.79999924,26.5,26.5,26.0,25.60000038,25.39999962,25.10000038,27.20000076,30.0,23.70000076,24.39999962,24.89999962,23.70000076,23.29999924,23.10000038,22.39999962,22.60000038,22.39999962,22.79999924,22.70000076,21.79999924,21.20000076,20.5,19.89999962,19.20000076
Portugal,32.40000153,32.29999924,30.39999962,31.29999924,32.5,32.29999924,31.29999924,32.20000076,31.0,26.39999962,26.0,26.89999962,23.5,24.10000038,25.20000076,25.70000076,26.60000038,27.0,25.60000038,24.60000038,23.39999962,24.60000038,24.70000076,24.89999962,24.20000076,23.5,22.70000076,23.0
Qatar,1.150000036,1.150000036,1.150000036,1.150000036,1.150000036,1.150000036,1.150000036,1.150000036,1.150000036,1.150000036,1.150000036,1.150000036,1.150000036,1.150000036,1.150000036,1.150000036,1.150000036,1.200000048,1.150000036,1.150000036,1.150000036,1.150000036,1.150000036,1.150000036,1.100000024,1.150000036,1.150000036,1.150000036
Moldova,31.966666538888887,31.966666538888887,31.966666538888887,31.966666538888887,31.966666538888887,31.966666538888887,31.966666538888887,31.966666538888887,31.966666538888887,31.966666538888887,31.966666538888887,31.966666538888887,31.966666538888887,31.966666538888887,31.966666538888887,31.966666538888887,31.966666538888887,31.966666538888887,31.966666538888887,26.60000038,30.0,32.29999924,33.20000076,33.59999847,35.09999847,35.90000153,30.0,31.0
Romania,22.833333544444447,22.833333544444447,22.833333544444447,22.833333544444447,22.833333544444447,22.833333544444447,22.833333544444447,22.833333544444447,22.833333544444447,22.833333544444447,24.89999962,26.10000038,23.0,22.10000038,21.79999924,24.70000076,21.60000038,21.79999924,22.60000038,23.5,24.60000038,25.10000038,23.20000076,22.70000076,20.20000076,21.39999962,20.60000038,21.10000038
Russia,7.268749922562501,7.268749922562501,7.268749922562501,7.268749922562501,7.268749922562501,7.268749922562501,7.268749922562501,7.268749922562501,7.268749922562501,7.268749922562501,7.268749922562501,7.268749922562501,7.900000095,6.400000095,6.599999905,6.6999998089999995,6.099999905,4.599999905,4.5,10.69999981,9.899999618999999,8.0,7.6999998089999995,7.3000001910000005,7.5,7.6999998089999995,7.5,7.1999998089999995
Rwanda,61.40000153,61.40000153,61.40000153,61.40000153,61.40000153,61.40000153,61.40000153,61.40000153,61.40000153,61.40000153,61.40000153,61.40000153,61.40000153,61.40000153,61.40000153,61.40000153,61.40000153,61.40000153,61.40000153,61.40000153,61.40000153,61.40000153,61.40000153,61.40000153,61.40000153,61.40000153,61.40000153,61.40000153
Senegal,55.40000153,55.40000153,55.40000153,55.40000153,55.40000153,55.40000153,55.40000153,55.40000153,55.40000153,55.40000153,55.40000153,55.40000153,55.40000153,55.40000153,55.40000153,55.40000153,55.40000153,55.40000153,55.40000153,55.40000153,55.40000153,55.40000153,55.40000153,55.40000153,55.40000153,55.40000153,55.40000153,55.40000153
Singapore,13.230000018999998,13.230000018999998,13.230000018999998,13.230000018999998,13.230000018999998,13.230000018999998,13.80000019,13.60000038,12.89999962,13.0,13.230000018999998,12.30000019,12.60000038,12.69999981,12.60000038,10.39999962,13.5,12.89999962,13.39999962,14.5,10.0,14.30000019,14.30000019,14.10000038,14.80000019,13.230000018999998,14.39999962,14.5
Slovak Republic,8.800000054357143,8.800000054357143,8.800000054357143,8.800000054357143,8.800000054357143,8.800000054357143,8.800000054357143,8.800000054357143,8.800000054357143,8.800000054357143,8.800000054357143,8.800000054357143,8.800000054357143,8.800000054357143,6.1999998089999995,6.400000095,6.3000001910000005,6.1999998089999995,6.8000001910000005,7.599999905,7.8000001910000005,8.199999809,8.5,9.600000381000001,11.80000019,12.5,12.5,12.80000019
Slovenia,11.579999987399999,11.579999987399999,11.579999987399999,11.579999987399999,11.579999987399999,11.579999987399999,11.579999987399999,11.579999987399999,11.579999987399999,11.579999987399999,11.579999987399999,11.579999987399999,11.579999987399999,12.19999981,12.19999981,12.19999981,12.5,11.89999962,12.5,12.69999981,11.19999981,11.80000019,11.60000038,9.800000191,10.10000038,10.0,11.5,11.5
South Africa,17.739999771999997,17.739999771999997,17.739999771999997,17.739999771999997,17.739999771999997,17.739999771999997,17.739999771999997,17.739999771999997,17.739999771999997,17.739999771999997,17.739999771999997,17.739999771999997,17.739999771999997,17.739999771999997,17.739999771999997,17.739999771999997,17.739999771999997,17.739999771999997,17.739999771999997,17.739999771999997,17.739999771999997,17.79999924,18.20000076,17.39999962,18.29999924,17.739999771999997,17.739999771999997,17.0
Spain,21.60000038,21.60000038,21.60000038,22.10000038,22.89999962,22.79999924,22.29999924,22.29999924,22.29999924,21.29999924,20.60000038,20.29999924,20.79999924,21.29999924,21.60000038,21.39999962,21.10000038,20.5,19.79999924,18.79999924,18.0,17.79999924,17.20000076,16.60000038,16.5,16.5,16.5,16.5
Sri Lanka,31.51818206090909,31.51818206090909,31.51818206090909,31.51818206090909,31.51818206090909,31.51818206090909,31.51818206090909,31.51818206090909,31.51818206090909,31.51818206090909,31.51818206090909,31.51818206090909,31.51818206090909,31.51818206090909,31.51818206090909,31.51818206090909,31.51818206090909,31.10000038,30.70000076,30.29999924,30.70000076,30.79999924,30.0,32.29999924,31.20000076,32.5,33.90000153,33.20000076
Suriname,16.816666603333335,16.816666603333335,16.816666603333335,16.816666603333335,16.816666603333335,16.816666603333335,16.816666603333335,16.816666603333335,16.816666603333335,16.816666603333335,16.816666603333335,16.816666603333335,16.816666603333335,17.60000038,17.10000038,15.10000038,16.89999962,17.89999962,16.29999924,16.816666603333335,16.816666603333335,16.816666603333335,16.816666603333335,16.816666603333335,16.816666603333335,16.816666603333335,16.816666603333335,16.816666603333335
Swaziland,21.10000038,21.10000038,21.10000038,21.10000038,21.10000038,21.10000038,21.10000038,21.10000038,21.10000038,21.10000038,21.10000038,21.10000038,21.10000038,21.10000038,21.10000038,21.10000038,21.10000038,21.10000038,21.10000038,21.10000038,21.10000038,21.10000038,21.10000038,21.10000038,21.10000038,21.10000038,21.10000038,21.10000038
Sweden,7.400000095,7.5,7.6999998089999995,7.5,7.3000001910000005,7.0,6.3000001910000005,7.242857183714286,7.242857183714286,7.242857183714286,7.242857183714286,7.242857183714286,7.242857183714286,7.242857183714286,7.242857183714286,7.242857183714286,7.242857183714286,7.242857183714286,7.242857183714286,7.242857183714286,7.242857183714286,7.242857183714286,7.242857183714286,7.242857183714286,7.242857183714286,7.242857183714286,7.242857183714286,7.242857183714286
Switzerland,13.929411720000001,13.929411720000001,13.929411720000001,13.929411720000001,13.929411720000001,13.929411720000001,13.929411720000001,13.929411720000001,13.929411720000001,13.929411720000001,13.929411720000001,11.5,11.69999981,12.80000019,12.39999962,13.0,14.69999981,15.39999962,14.89999962,15.10000038,15.5,14.60000038,14.39999962,15.10000038,14.19999981,14.0,13.69999981,13.80000019
Syria,34.29999924,34.29999924,34.29999924,34.29999924,34.29999924,34.29999924,34.29999924,34.29999924,34.29999924,34.29999924,34.29999924,34.29999924,34.29999924,34.29999924,34.29999924,34.29999924,34.29999924,34.29999924,34.29999924,34.29999924,34.29999924,34.29999924,34.29999924,34.29999924,34.29999924,34.29999924,34.29999924,34.29999924
Tanzania,83.70000076,83.70000076,83.70000076,83.70000076,83.70000076,83.70000076,83.70000076,83.70000076,83.70000076,83.70000076,83.70000076,83.70000076,83.70000076,83.70000076,83.70000076,83.70000076,83.70000076,83.70000076,83.70000076,83.70000076,83.70000076,89.30000305,83.70000076,83.70000076,83.70000076,83.70000076,78.09999847,83.70000076
Thailand,32.938095274285715,32.938095274285715,32.938095274285715,32.938095274285715,32.938095274285715,32.938095274285715,32.938095274285715,32.59999847,30.20000076,30.20000076,31.0,31.5,30.39999962,31.39999962,31.20000076,33.09999847,33.40000153,32.0,33.70000076,34.59999847,33.5,34.90000153,34.40000153,34.90000153,34.0,34.79999924,34.79999924,35.09999847
"Macedonia, FYR",16.25000019,16.25000019,16.25000019,16.25000019,16.25000019,16.25000019,16.25000019,16.25000019,16.25000019,16.25000019,16.25000019,16.25000019,16.25000019,16.25000019,16.25000019,16.25000019,16.25000019,16.25000019,14.30000019,15.19999981,14.80000019,15.60000038,17.10000038,15.80000019,16.10000038,17.70000076,18.29999924,17.60000038
Trinidad and Tobago,20.673684370526317,20.673684370526317,20.673684370526317,20.673684370526317,20.673684370526317,20.673684370526317,20.673684370526317,20.39999962,21.20000076,20.39999962,21.10000038,19.79999924,20.60000038,21.5,21.20000076,21.39999962,21.20000076,20.70000076,20.10000038,20.79999924,21.0,21.70000076,20.79999924,20.20000076,19.5,19.20000076,20.673684370526317,20.673684370526317
Tunisia,24.999999728571428,24.999999728571428,24.999999728571428,24.999999728571428,24.999999728571428,24.999999728571428,24.999999728571428,24.999999728571428,24.999999728571428,23.39999962,24.999999728571428,24.999999728571428,24.999999728571428,24.999999728571428,28.29999924,24.999999728571428,24.999999728571428,24.999999728571428,24.999999728571428,23.29999924,23.60000038,24.5,25.10000038,26.79999924,24.999999728571428,24.999999728571428,24.999999728571428,24.999999728571428
Turkey,29.719999696000002,29.719999696000002,29.719999696000002,29.719999696000002,29.719999696000002,29.719999696000002,29.719999696000002,29.719999696000002,29.39999962,30.20000076,30.89999962,29.79999924,30.5,30.60000038,30.29999924,30.0,28.79999924,29.79999924,29.79999924,29.20000076,29.79999924,30.20000076,29.39999962,29.79999924,29.39999962,29.79999924,28.89999962,27.79999924
Uganda,56.850000385,56.850000385,56.850000385,56.850000385,56.850000385,56.850000385,56.850000385,56.850000385,56.850000385,56.850000385,56.850000385,56.850000385,56.850000385,56.850000385,56.850000385,56.850000385,56.850000385,56.850000385,56.850000385,56.850000385,56.850000385,56.850000385,54.29999924,59.40000153,56.850000385,56.850000385,56.850000385,56.850000385
Ukraine,13.330769245538464,13.330769245538464,13.330769245538464,13.330769245538464,13.330769245538464,13.330769245538464,13.330769245538464,13.330769245538464,13.330769245538464,13.330769245538464,13.330769245538464,13.330769245538464,13.330769245538464,13.330769245538464,13.330769245538464,10.19999981,10.89999962,16.0,17.5,7.8000001910000005,9.0,9.600000381000001,10.30000019,10.89999962,15.89999962,17.70000076,18.60000038,18.89999962
United Arab Emirates,3.099999905,3.099999905,3.099999905,3.099999905,3.099999905,3.099999905,3.099999905,3.099999905,3.099999905,3.099999905,3.099999905,3.099999905,3.099999905,3.099999905,3.099999905,3.099999905,3.099999905,3.099999905,3.099999905,3.099999905,3.099999905,3.099999905,3.099999905,3.099999905,3.099999905,3.099999905,3.099999905,3.099999905
United Kingdom,8.100000381000001,8.800000191,9.199999809,9.5,11.30000019,11.5,11.5,12.39999962,12.60000038,13.30000019,13.30000019,13.0,12.5,12.5,12.80000019,12.89999962,12.5,12.5,12.10000038,11.69999981,11.30000019,11.19999981,11.39999962,12.5,12.69999981,12.5,12.69999981,12.89999962
United States,8.699999809,8.699999809,8.899999618999999,9.100000381000001,8.899999618999999,8.699999809,8.5,8.600000381000001,8.600000381000001,8.5,8.5,8.699999809,8.399999618999999,8.5,8.699999809,8.399999618999999,8.300000191,8.100000381000001,7.8000001910000005,7.599999905,7.3000001910000005,7.3000001910000005,7.099999905,7.5,7.5,7.400000095,7.3000001910000005,7.099999905
Uruguay,27.422221926666666,27.422221926666666,27.422221926666666,27.422221926666666,27.422221926666666,27.422221926666666,27.422221926666666,27.422221926666666,27.422221926666666,27.422221926666666,27.422221926666666,27.422221926666666,27.422221926666666,27.422221926666666,27.422221926666666,27.422221926666666,27.422221926666666,27.422221926666666,25.39999962,25.79999924,25.5,27.39999962,30.89999962,28.5,27.422221926666666,27.29999924,27.89999962,28.10000038
Venezuela,38.933333715,38.933333715,38.933333715,38.933333715,38.933333715,38.933333715,38.933333715,38.933333715,38.933333715,38.933333715,38.933333715,38.933333715,38.933333715,38.933333715,36.79999924,36.70000076,37.40000153,35.29999924,38.20000076,38.70000076,40.29999924,38.59999847,42.20000076,43.40000153,38.933333715,38.933333715,39.90000153,39.70000076
Vietnam,41.12222247555556,41.12222247555556,41.12222247555556,41.12222247555556,41.12222247555556,41.12222247555556,41.12222247555556,41.12222247555556,41.12222247555556,41.12222247555556,41.12222247555556,41.12222247555556,41.12222247555556,41.12222247555556,41.12222247555556,41.12222247555556,37.0,41.70000076,40.90000153,42.70000076,43.20000076,40.59999847,40.79999924,41.5,41.70000076,41.12222247555556,41.12222247555556,41.12222247555556
Zambia,39.59999847,45.19999939714286,45.19999939714286,45.19999939714286,45.19999939714286,45.19999939714286,45.19999939714286,45.19999939714286,45.19999939714286,45.19999939714286,29.10000038,41.09999847,45.19999939714286,45.19999939714286,45.19999939714286,45.19999939714286,51.70000076,45.19999939714286,55.09999847,45.19999939714286,40.09999847,45.19999939714286,45.19999939714286,59.70000076,45.19999939714286,45.19999939714286,45.19999939714286,45.19999939714286
Zimbabwe,47.36666743,47.36666743,47.36666743,47.36666743,47.36666743,47.36666743,47.36666743,47.36666743,47.36666743,47.36666743,47.36666743,47.36666743,47.36666743,47.36666743,45.5,47.36666743,47.36666743,46.20000076,47.36666743,47.36666743,47.36666743,47.36666743,50.40000153,47.36666743,47.36666743,47.36666743,47.36666743,47.36666743
